x0,x1,y
0.0000000,1.0000000,3.0000000
1.0000000,0.0000000,2.0000000
0.0000000,0.0303265,0.0909796
0.0000000,0.4336615,1.3009844
0.0000000,0.7351014,2.2053041
0.0000000,0.4192406,1.2577218
0.0000000,0.1416489,0.4249468
0.0000000,0.3198192,0.9594577
0.0000000,0.3047175,0.9141526
0.0000000,0.9757460,2.9272380
0.0000000,0.8141718,2.4425155
0.0000000,0.6593678,1.9781033
0.0000000,0.0407575,0.1222724
0.0000000,0.6396802,1.9190405
0.0000000,0.2846380,0.8539141
0.0000000,0.4102794,1.2308381
0.0000000,0.1938725,0.5816174
0.0000000,0.3788002,1.1364006
0.0000000,0.9923181,2.9769544
0.0000000,0.4284672,1.2854016
0.0000000,0.3039479,0.9118437
0.0000000,0.8870650,2.6611950
0.0000000,0.7681533,2.3044600
0.9193503,1.0000000,4.8387006
0.6689882,1.0000000,4.3379763
0.3185342,1.0000000,3.6370685
0.5616609,1.0000000,4.1233217
0.5995754,1.0000000,4.1991507
0.6448806,1.0000000,4.2897611
0.3689556,1.0000000,3.7379112
0.7452696,1.0000000,4.4905393
0.0205108,1.0000000,3.0410216
0.2944874,1.0000000,3.5889747
0.9178934,1.0000000,4.8357868
0.3261369,1.0000000,3.6522737
0.8161959,1.0000000,4.6323918
0.5493555,1.0000000,4.0987110
0.0972490,1.0000000,3.1944979
0.3126299,1.0000000,3.6252597
0.5036869,1.0000000,4.0073739
0.2583225,1.0000000,3.5166449
0.9859145,1.0000000,4.9718291
0.6889954,1.0000000,4.3779909
0.3375508,1.0000000,3.6751016
0.9906077,1.0000000,4.9812154
0.9464845,1.0000000,4.8929691
0.4887197,1.0000000,3.9774393
0.9458637,1.0000000,4.8917274
0.8883641,1.0000000,4.7767281
0.4106213,1.0000000,3.8212426
0.4939726,0.2297275,1.6771276
0.6258183,0.8475367,3.7942466
0.2618418,0.4572393,1.8954017
0.1326119,0.3201272,1.2256055
0.9498503,0.0058572,1.9172723
0.7453125,0.7311041,3.6839372
0.9999649,0.8259854,4.4778860
0.1587630,0.8956431,3.0044554
0.8826458,0.9448073,4.5997137
0.0089554,0.1516469,0.4728517
0.7589621,0.7710947,3.8312083
0.5764622,0.0126299,1.1908143
0.4803671,0.4879867,2.4246944
0.6458333,0.6625508,3.2793190
0.5108268,0.7588022,3.2980602
0.2522706,0.7106788,2.6365774
0.5592622,0.7511500,3.3719744
0.4159585,0.5402440,2.4526491
0.8235750,0.7008416,3.7496749
0.8124296,0.2796483,2.4638040
0.7414339,0.2550020,2.2478736
0.4212853,0.5493785,2.4907061
0.4090595,0.8996397,3.5170381
0.5201739,0.3224911,2.0078211
0.6862603,0.0594198,1.5507800
0.8867340,0.9202032,4.5340776
0.5498468,0.9173449,3.8517283
0.8279455,0.8826068,4.3037113
0.3631264,0.9564873,3.5957149
0.2557607,0.6623349,2.4985261
0.3876910,0.7712271,3.0890633
0.0651604,0.9506446,2.9822545
0.5051547,0.8199790,3.4702462
0.4024787,0.1555329,1.2715562
0.7656372,0.6728383,3.5497894
0.9697778,0.7276289,4.1224421
0.0239306,0.5927500,1.8261112
0.3760801,0.6086095,2.5779888
0.2506721,0.8067313,2.9215381
0.1762482,0.2778193,1.1859543
0.5759455,0.4863451,2.6109263
0.3014350,0.7647053,2.8969858
0.2184751,0.7526104,2.6947814
0.3152268,0.2254971,1.3069448
0.6152205,0.2376011,1.9432444
0.9460063,0.2592012,2.6696162
0.9283094,0.8791668,4.4941191
0.7791330,0.4703273,2.9692479
0.7989666,0.1549654,2.0628294
0.0652389,0.5854046,1.8866915
0.5864176,0.8746462,3.7967739
0.1101631,0.5186882,1.7763908
0.1938094,0.1583477,0.8626619
0.3412292,0.2561693,1.4509663
0.1796033,0.3000549,1.2593714
0.9711640,0.6540749,3.9045527
0.9810047,0.4211696,3.2255181
0.2002423,0.0107493,0.4327327
0.4947382,0.6194681,2.8478806
0.9355143,0.7028484,3.9795737
0.1095833,0.1925711,0.7968797
0.2871270,0.9541582,3.4367285
0.6569282,0.5825905,3.0616279
0.1396932,0.4237398,1.5506057
0.3332957,0.6832545,2.7163549
0.9912004,0.8416924,4.5074781
0.1317767,0.3303021,1.2544598
0.2000435,0.8824064,3.0473063
0.1273383,0.9553336,3.1206774
0.3040276,0.0504081,0.7592796
0.4343936,0.5732000,2.5883871
0.2092209,0.5094197,1.9467008
0.3180147,0.9371062,3.4473480
0.4063278,0.9949581,3.7975298
0.3254660,0.6938311,2.7324252
0.1018947,0.9095343,2.9323924
0.2160800,0.9359953,3.2401458
0.5078890,0.3487953,2.0621640
0.6663690,0.0056175,1.3495906
0.1672547,0.1686879,0.8405729
0.0116611,0.6695333,2.0319219
0.9466895,0.2793983,2.7315737
0.7318164,0.5474501,3.1059830
0.2959820,0.1839280,1.1437481
0.7678383,0.5326660,3.1336747
0.6947752,0.6710614,3.4027346
0.6788310,0.7726345,3.6755654
0.9342146,0.7266450,4.0483643
0.6285448,0.3551082,2.3224141
0.3228262,0.8319698,3.1415618
0.4536911,0.7609226,3.1901501
0.3991788,0.5819486,2.5442033
0.9696084,0.5143269,3.4821976
0.1469708,0.9323071,3.0908630
0.2157548,0.9735479,3.3521532
0.5552740,0.1508471,1.5630893
0.2733483,0.9155496,3.2933452
0.7784142,0.8419046,4.0825423
0.0386583,0.9406869,2.8993773
0.7471412,0.9549811,4.3592258
0.0612029,0.3170856,1.0736627
0.0577587,0.3876312,1.2784110
0.6648773,0.1704258,1.8410320
0.4713627,0.7391701,3.1602356
0.7340056,0.9258505,4.2455627
0.8796314,0.9119367,4.4950728
0.9916317,0.1778094,2.5166916
0.2713885,0.3981953,1.7373630
0.2963413,0.5033278,2.1026658
0.7068344,0.8168311,3.8641621
0.8983404,0.6490899,3.7439506
0.4402527,0.5983306,2.6754972
0.7954972,0.0840411,1.8431178
0.6985878,0.2723953,2.2143615
0.1413610,0.6877381,2.3459364
0.7931752,0.4990772,3.0835821
0.6724173,0.5079664,2.8687339
0.3455888,0.4287211,1.9773408
0.0650499,0.9255448,2.9067342
0.4451271,0.5839637,2.6421452
0.4499715,0.6249982,2.7749377
0.4446105,0.7045461,3.0028595
0.8952339,0.2179407,2.4442898
0.5175185,0.1575993,1.5078351
0.3617558,0.9252963,3.4994004
0.5461160,0.8715423,3.7068589
0.4082681,0.6782852,2.8513917
0.2194008,0.8309112,2.9315351
0.2400096,0.5359607,2.0879014
0.3118556,0.0035666,0.6344109
0.9992993,0.3982042,3.1932113
0.5634393,0.7394094,3.3451068
0.2426546,0.9530699,3.3445188
0.5250836,0.0358483,1.1577120
0.0080207,0.5086128,1.5418797
0.9391415,0.3216032,2.8430925
0.9077812,0.4500720,3.1657783
0.0102643,0.2480491,0.7646757
0.2246523,0.3263362,1.4283133
0.4532649,0.9762789,3.8353667
0.6577703,0.5952003,3.1011416
0.7080317,0.1967105,2.0061948
0.4758151,0.9188120,3.7080661
0.6669406,0.7006068,3.4357016
0.9721502,0.8251290,4.4196875
0.6541392,0.2795286,2.1468643
0.3332581,0.8713639,3.2806080
0.5344034,0.7727860,3.3871647
0.3311307,0.8716012,3.2770651
0.9973258,0.5863513,3.7537053
0.4677471,0.6279735,2.8194145
0.3637148,0.4218185,1.9928851
0.5477079,0.5819165,2.8411654
0.1913118,0.9663419,3.2816492
0.6243777,0.5582763,2.9235844
0.2659918,0.4878581,1.9955579
0.3274023,0.3613755,1.7389310
0.5009847,0.2683370,1.8069804
0.2368037,0.0877826,0.7369552
0.1324345,0.0078481,0.2884134
0.5639355,0.2284406,1.8131928
0.1531838,0.6698426,2.3158956
0.1906956,0.7073959,2.5035791
0.5688875,0.3829174,2.2865272
0.6969688,0.3770013,2.5249415
0.6984044,0.6893074,3.4647312
0.9431618,0.4812508,3.3300759
0.1876763,0.8087539,2.8016143
0.1110376,0.9870720,3.1832913
0.1718212,0.2563419,1.1126682
0.5846938,0.0385756,1.2851146
0.7290534,0.5244279,3.0313906
0.0680452,0.3559471,1.2039316
0.3422593,0.0695863,0.8932776
0.3997851,0.6809318,2.8423656
0.7905984,0.8690044,4.1882101
0.4946217,0.5574490,2.6615906
0.6921438,0.6606214,3.3661516
0.4246921,0.0298376,0.9388969
0.8133688,0.4871735,3.0882580
0.3859254,0.5929296,2.5506395
0.1702538,0.6815770,2.3852387
0.5516924,0.0938068,1.3848051
0.5300131,0.7028943,3.1687091
0.8800994,0.0354170,1.8664499
0.3085385,0.9652608,3.5128594
0.8213265,0.7729435,3.9614834
0.6240102,0.4054713,2.4644342
0.1099639,0.7344318,2.4232233
0.4218153,0.4587018,2.2197361
0.3241861,0.9863071,3.6072933
0.2277059,0.8887121,3.1215482
0.2899468,0.4175827,1.8326416
0.5313703,0.2900773,1.9329726
0.0275258,0.0316359,0.1499591
0.9396334,0.7485264,4.1248460
0.4438242,0.0289634,0.9745384
0.1001010,0.9484914,3.0456762
0.0744384,0.3819913,1.2948509
0.5446158,0.1327676,1.4875343
0.8944526,0.6671018,3.7902105
0.3617954,0.3080951,1.6478760
0.5205936,0.1527531,1.4994467
0.6373898,0.5241220,2.8471455
0.6452827,0.6768190,3.3210225
0.6287647,0.9236045,4.0283428
0.3683664,0.4270549,2.0178976
0.4459448,0.8906064,3.5637089
0.8043850,0.9020489,4.3149166
0.9554898,0.6214660,3.7753778
0.6260525,0.1293836,1.6402557
0.8956701,0.4616110,3.1761732
0.3080869,0.1893317,1.1841689
0.7875781,0.5032884,3.0850213
0.8743815,0.7733426,4.0687906
0.7282419,0.7656399,3.7534035
0.3505219,0.1040788,1.0132802
0.4806135,0.6612030,2.9448359
0.4209114,0.6098056,2.6712394
0.1351383,0.1342542,0.6730392
0.6807687,0.7772009,3.6931401
0.3907547,0.5208948,2.3441939
0.8995186,0.8614879,4.3835008
0.1055435,0.2808514,1.0536411
0.9147137,0.0616893,2.0144952
0.9509251,0.5515256,3.5564271
0.6952815,0.8001047,3.7908771
0.2378734,0.0331091,0.5750741
0.8255833,0.4198370,2.9106775
0.2510876,0.2494600,1.2505550
0.7783272,0.8611501,4.1401047
0.2474829,0.6126275,2.3328483
0.4883468,0.1869946,1.5376774
0.2756356,0.4685725,1.9569888
0.7175817,0.5001741,2.9356858
0.3559069,0.6891234,2.7791839
0.4242976,0.2970540,1.7397570
0.0725717,0.9023950,2.8523285
0.7497345,0.7110350,3.6325739
0.6994614,0.3489901,2.4458931
0.9007020,0.5905931,3.5731834
0.8656316,0.9598888,4.6109295
0.5994590,0.1069490,1.5197651
0.9514402,0.4746499,3.3268300
0.4581919,0.2903715,1.7874982
0.2529490,0.7491722,2.7534145
0.8040618,0.8577576,4.1813964
0.2871500,0.0618830,0.7599492
0.1087246,0.6660515,2.2156038
0.4867422,0.7244372,3.1467961
0.4375218,0.0718194,1.0905017
0.3019067,0.6145472,2.4474551
0.6956601,0.4031024,2.6006275
0.5384029,0.0742829,1.2996545
0.1199128,0.2606945,1.0219091
0.7345442,0.8169365,3.9198980
0.2675803,0.6365296,2.4447494
0.9674169,0.5026912,3.4429075
0.2974405,0.0855030,0.8513899
0.8951920,0.0374755,1.9028106
0.8406657,0.3920820,2.8575776
0.8113973,0.7558861,3.8904530
0.0616673,0.0181566,0.1778043
0.4555908,0.2756646,1.7381754
0.0347351,0.8722959,2.6863580
0.0541547,0.0121388,0.1447258
0.5463201,0.1392013,1.5102441
0.3606675,0.4720509,2.1374876
0.4243902,0.2016734,1.4538005
0.9096364,0.6264691,3.6986802
0.4225194,0.6637240,2.8362109
0.4789497,0.0679926,1.1618774
0.1473464,0.0555152,0.4612382
0.4273593,0.9186557,3.6106857
0.5359394,0.1780839,1.6061306
0.0221076,0.3929764,1.2231444
0.0515345,0.0685621,0.3087553
0.3666090,0.8649797,3.3281573
0.5240034,0.0110985,1.0813023
0.3559762,0.2887452,1.5781879
0.8785577,0.7120795,3.8933540
0.8969688,0.6982442,3.8886702
0.1834985,0.4366750,1.6770221
0.3752262,0.8547322,3.3146491
0.8223629,0.4656744,3.0417491
0.5367244,0.1369783,1.4843839
0.8227886,0.6269816,3.5265219
0.1740614,0.5426999,1.9762225
0.8026774,0.8053854,4.0215111
0.4058695,0.2083030,1.4366479
0.9727999,0.7765100,4.2751296
0.7905404,0.0811085,1.8244064
0.9509940,0.8488479,4.4485318
0.2740975,0.7636091,2.8390222
0.9399062,0.3724597,2.9971914
0.2457071,0.5533746,2.1515381
0.7946562,0.5768371,3.3198239
0.5585897,0.6716425,3.1321069
0.0465014,0.7695910,2.4017757
0.0834632,0.0468664,0.3075257
0.9752440,0.4156729,3.1975067
0.0283032,0.2011552,0.6600721
0.2520370,0.5466561,2.1440423
0.9717901,0.0203313,2.0045741
0.4354505,0.5864349,2.6302057
0.5034607,0.1238362,1.3784301
0.9501699,0.8291448,4.3877743
0.8914177,0.0256977,1.8599285
0.1932873,0.3774206,1.5188364
0.9678413,0.6232964,3.8055719
0.4335213,0.2795848,1.7057970
0.2668968,0.9983621,3.5288799
0.3684299,0.9433725,3.5669772
0.7939657,0.2655747,2.3846556
0.6179583,0.3894408,2.4042391
0.5185492,0.8940778,3.7193318
0.9885250,0.3317117,2.9721850
0.0912871,0.0438727,0.3141924
0.2625547,0.8450797,3.0603483
0.3384116,0.2103013,1.3077271
0.7779401,0.1377132,1.9690199
0.5636094,0.8617422,3.7124455
0.5942578,0.9130605,3.9276971
0.5992864,0.5117913,2.7339468
0.1689424,0.2726443,1.1558176
0.5023903,0.0623674,1.1918827
0.2018681,0.3147065,1.3478557
0.3625650,0.5808113,2.4675639
0.0322863,0.1966474,0.6545149
0.7392425,0.2584420,2.2538111
0.2398540,0.4612487,1.8634540
0.4778297,0.5036265,2.4665388
0.4221526,0.5960986,2.6326009
0.8010037,0.9534998,4.4625067
0.9873351,0.1999852,2.5746256
0.9832288,0.9204584,4.7278330
0.7457427,0.0948400,1.7760054
0.8297611,0.0336109,1.7603548
0.4742434,0.1328056,1.3469038
0.2657988,0.1400221,0.9516638
0.8736179,0.2024438,2.3545673
0.7126320,0.8029518,3.8341193
0.9793287,0.8850597,4.6138363
0.2937669,0.5228832,2.1561834
0.2967654,0.9889157,3.5602779
0.8573489,0.5685214,3.4202619
0.1071135,0.1637603,0.7055078
0.4515218,0.9840354,3.8551499
0.0896831,0.0941836,0.4619171
0.0757851,0.6739516,2.1734250
0.0356833,0.1706528,0.5833252
0.2615835,0.9032592,3.2329446
0.0622455,0.2638735,0.9161115
0.3310753,0.8963421,3.3511768
0.0474336,0.0854073,0.3510892
0.1092597,0.3297861,1.2078777
0.1477506,0.1597339,0.7747027
0.4257330,0.3107696,1.7837748
0.1092508,0.1501853,0.6690575
0.4101546,0.6545101,2.7838397
0.2657374,0.2848683,1.3860796
0.1161938,0.0961612,0.5208712
0.4989765,0.5266445,2.5778866
0.6908631,0.7837606,3.7330079
0.4275389,0.1948125,1.4395151
0.2004072,0.4596410,1.7797373
0.0882034,0.7766809,2.5064495
0.3159111,0.6048203,2.4462831
0.2363602,0.9411712,3.2962342
0.7730151,0.9874683,4.5084352
0.5658016,0.7376519,3.3445588
0.4148640,0.4654942,2.2262107
0.5780133,0.9381344,3.9704299
0.7630565,0.0016124,1.5309501
0.7241441,0.2276645,2.1312818
0.8726013,0.0424926,1.8726803
0.6685845,0.2261305,2.0155604
0.5588847,0.6853789,3.1739063
0.6078122,0.0849739,1.4705460
0.5248401,0.6923861,3.1268385
0.4777950,0.3129614,1.8944742
0.1300436,0.5268088,1.8405134
0.1863156,0.8925779,3.0503650
0.6252091,0.4626243,2.6382912
0.5221804,0.0467826,1.1847086
0.7402668,0.3758540,2.6080956
0.3511286,0.8329219,3.2010229
0.0693952,0.2923481,1.0158348
0.8585689,0.5984055,3.5123543
0.9676394,0.6834367,3.9855889
0.4690703,0.0704178,1.1493941
0.7642179,0.3697897,2.6378050
0.3092147,0.2869187,1.4791854
0.0498290,0.8073867,2.5218181
0.1074251,0.3039263,1.1266291
0.6391881,0.0926150,1.5562212
0.7374043,0.2272423,2.1565357
0.8204909,0.7794134,3.9792220
0.9288264,0.0611107,2.0409848
0.7270868,0.2698279,2.2636574
0.1815132,0.5926304,2.1409177
0.2738301,0.9642456,3.4403970
0.2192020,0.1518700,0.8940141
0.9540945,0.7804649,4.2495836
0.7643651,0.8878026,4.1921381
0.9849065,0.6415419,3.8944387
0.1882841,0.2223995,1.0437666
0.6368882,0.3914016,2.4479812
0.7006951,0.9213707,4.1655023
0.3276559,0.4142956,1.8981984
0.3185766,0.6544884,2.6006185
0.0781323,0.0399104,0.2759959
0.6785064,0.3297532,2.3462725
0.1379637,0.5402643,1.8967205
0.6902803,0.0714128,1.5947988
0.2519953,0.7494897,2.7524595
0.3160298,0.0135892,0.6728272
0.1521131,0.9946295,3.2881148
0.4593330,0.6543804,2.8818071
0.9424931,0.5553964,3.5511754
0.4115358,0.5321081,2.4193959
0.1744032,0.8744912,2.9722800
0.6752638,0.8110780,3.7837617
0.2323295,0.4359374,1.7724712
0.6026375,0.9129008,3.9439774
0.5927728,0.8858554,3.8431119
0.4690395,0.8019872,3.3440406
0.3343472,0.0162733,0.7175144
0.5170881,0.9895637,4.0028672
0.0652995,0.0536478,0.2915422
0.9725606,0.1978559,2.5386891
0.0897992,0.8972925,2.8714758
0.1099195,0.1502772,0.6706707
0.0002869,0.8732609,2.6203565
0.7975005,0.5626984,3.2830961
0.6445185,0.9662255,4.1877136
0.1546598,0.2208207,0.9717817
0.8433758,0.5986369,3.4826623
0.7296402,0.1956861,2.0463388
0.4577369,0.6111465,2.7489131
0.4099649,0.8784401,3.4552502
0.0671514,0.2451470,0.8697438
0.7409794,0.3237017,2.4530640
0.0703982,0.9057337,2.8579974
0.4263472,0.7540081,3.1147187
0.4287074,0.7133105,2.9973463
0.9729573,0.6925572,4.0235861
0.5083114,0.7021629,3.1231116
0.2058142,0.3469400,1.4524482
0.0687807,0.5554455,1.8038980
0.9551465,0.4567695,3.2806015
0.6929202,0.3940709,2.5680530
0.2111749,0.2356339,1.1292516
0.6187705,0.9701606,4.1480228
0.7199176,0.6041747,3.2523593
0.9237075,0.0973604,2.1394963
0.3910952,0.8273943,3.2643734
0.6345787,0.2430564,1.9983265
0.9414158,0.2298837,2.5724827
0.6132604,0.0393450,1.3445558
0.5227966,0.0918308,1.3210857
0.0505745,0.1184486,0.4564947
0.0137081,0.0300528,0.1175746
0.4113085,0.8318766,3.3182467
0.4491319,0.8048040,3.3126757
0.4295855,0.2991984,1.7567660
0.7031801,0.6633344,3.3963634
0.5718787,0.8626649,3.7317521
0.4760703,0.1968903,1.5428115
0.4742080,0.5457378,2.5856296
0.8686794,0.6642746,3.7301827
0.1369941,0.6346170,2.1778393
0.3511201,0.8567669,3.2725408
0.1712669,0.8118878,2.7781971
0.9410961,0.1891484,2.4496376
0.8398561,0.6223838,3.5468636
0.2676040,0.8926618,3.2131934
0.7826977,0.3997349,2.7646002
0.9756953,0.4965331,3.4409899
0.5980151,0.0512157,1.3496774
0.5549626,0.8188890,3.5665923
0.3571240,0.2506521,1.4662043
0.0141605,0.1194830,0.3867699
0.1221377,0.1890823,0.8115223
0.4744623,0.0490193,1.0959825
0.4675380,0.9555494,3.8017243
0.8623261,0.9242128,4.4972906
0.0982248,0.1795640,0.7351416
0.4768302,0.5370027,2.5646685
0.3948596,0.9349919,3.5946948
0.4743499,0.3195457,1.9073368
0.1550593,0.7071784,2.4316537
0.0826722,0.6845611,2.2190277
0.4321591,0.4179066,2.1180378
0.0565878,0.2783161,0.9481239
0.8396949,0.4325890,2.9771568
0.0752897,0.2797160,0.9897273
0.6426515,0.4345845,2.5890564
0.0546030,0.6414738,2.0336272
0.2098949,0.6996495,2.5187382
0.7728263,0.4259680,2.8235566
0.6833672,0.6636567,3.3577045
0.9345768,0.6946540,3.9531156
0.8826124,0.8293595,4.2533033
0.5440651,0.7938432,3.4696600
0.2812985,0.9822541,3.5093593
0.0628267,0.1071501,0.4471037
0.0548013,0.6147500,1.9538525
0.8946448,0.9148262,4.5337683
0.0214378,0.5989647,1.8397696
0.0917093,0.0639134,0.3751588
0.8194059,0.7753399,3.9648316
0.9502820,0.0606194,2.0824221
0.4821971,0.0125097,1.0019234
0.5768912,0.3448549,2.1883471
0.1251524,0.1646636,0.7442956
0.6287820,0.3505963,2.3093529
0.4978644,0.6396544,2.9146921
0.5266558,0.0933434,1.3333419
0.6427367,0.0216995,1.3505717
0.3562299,0.9347487,3.5167058
0.1790866,0.3301253,1.3485490
0.7100583,0.5485198,3.0656759
0.2909771,0.8920166,3.2580041
0.1795996,0.4031278,1.5685825
0.2487509,0.5351053,2.1028177
0.2701409,0.2819355,1.3860882
0.0371032,0.3689723,1.1811231
0.7616516,0.9080805,4.2475447
0.2348914,0.0812521,0.7135392
0.4127847,0.6105109,2.6571021
0.8914319,0.6102921,3.6137403
0.4111381,0.2506512,1.5742298
0.4431575,0.7458915,3.1239894
0.4705177,0.3873238,2.1030068
0.9196767,0.1052645,2.1551467
0.8809317,0.6682170,3.7665145
0.0631676,0.0004775,0.1277676
0.8197234,0.5011295,3.1428354
0.9044449,0.2799790,2.6488270
0.5670472,0.6286854,3.0201505
0.8039423,0.8314062,4.1021032
0.9614759,0.4197712,3.1822655
0.7402189,0.3228728,2.4490561
0.8022583,0.5911637,3.3780077
0.6220850,0.6277465,3.1274094
0.1424586,0.5957488,2.0721636
0.9871032,0.8990710,4.6714195
0.8718100,0.0444858,1.8770773
0.9531073,0.7782070,4.2408357
0.0929568,0.5680432,1.8900431
0.0180676,0.7618294,2.3216234
0.3660173,0.2530260,1.4911125
0.7344786,0.5850552,3.2241229
0.3446809,0.8212053,3.1529776
0.8362833,0.5587649,3.3488615
0.0644436,0.0448753,0.2635132
0.0396454,0.3485610,1.1249739
0.4234608,0.4913200,2.3208815
0.2565523,0.8900268,3.1831850
0.6829575,0.0016989,1.3710118
0.4663179,0.1985899,1.5284055
0.9591972,0.0011029,1.9217029
0.7935926,0.5474008,3.2293875
0.6598377,0.5259053,2.8973913
0.4680340,0.6745679,2.9597716
0.0237531,0.1745423,0.5711332
0.8139674,0.5527839,3.2862865
0.7345717,0.5281647,3.0536375
0.2198298,0.9164339,3.1889613
0.0857965,0.1631512,0.6610465
0.4485311,0.4687444,2.3032953
0.2276872,0.3244825,1.4288219
0.7360993,0.1409000,1.8948986
0.4156239,0.3760135,1.9592885
0.5710515,0.0658176,1.3395557
0.9067683,0.4577863,3.1868956
0.5979397,0.6911319,3.2692749
0.2616536,0.2285824,1.2090545
0.2958915,0.4767846,2.0221366
0.6812976,0.7313181,3.5565495
0.0797006,0.1955116,0.7459360
0.6201140,0.3510501,2.2933783
0.4535608,0.2464648,1.6465158
0.4750942,0.2203195,1.6111470
0.3447157,0.5203706,2.2505433
0.4782963,0.8321710,3.4531055
0.1517713,0.4369702,1.6144533
0.6661116,0.8111974,3.7658153
0.5760804,0.3736860,2.2732188
0.5347687,0.0686829,1.2755860
0.1026502,0.5703463,1.9163393
0.6318565,0.7886181,3.6295672
0.0251531,0.9581599,2.9247858
0.8401964,0.9669201,4.5811531
0.5082377,0.9590543,3.8936383
0.3989333,0.3349886,1.8028326
0.9923248,0.1856080,2.5414736
0.0122105,0.4703442,1.4354538
0.9819227,0.8055959,4.3806330
0.1179903,0.6471040,2.1772926
0.6943444,0.7387104,3.6048199
0.7775638,0.4557408,2.9223499
0.4807235,0.9767272,3.8916286
0.9505182,0.3121753,2.8375624
0.7226216,0.4399887,2.7652094
0.6385298,0.1836054,1.8278757
0.4272729,0.9376000,3.6673458
0.6924951,0.9911417,4.3584155
0.4450391,0.6740083,2.9121031
0.3721679,0.7253588,2.9204122
0.0266435,0.0103062,0.0842054
0.7197281,0.6953932,3.5256357
0.0795743,0.2623253,0.9461246
0.6581438,0.3136966,2.2573774
0.1122707,0.4237618,1.4958267
0.2254067,0.2670979,1.2521070
0.2869075,0.6293538,2.4618764
0.7903502,0.2810073,2.4237224
0.2396051,0.7249582,2.6540848
0.6209458,0.0473477,1.3839346
0.7351596,0.3279035,2.4540297
0.8270508,0.6603156,3.6350485
0.9045960,0.8022960,4.2160799
0.9227616,0.5499079,3.4952468
0.0239735,0.4822033,1.4945569
0.7234929,0.9815639,4.3916773
0.7368327,0.3715472,2.5883070
0.0954274,0.1806644,0.7328480
0.6003112,0.0533292,1.3606100
0.3906009,0.7187930,2.9375808
0.3338156,0.4471089,2.0089578
0.3181458,0.9758490,3.5638388
0.7771580,0.1052454,1.8700522
0.4785262,0.2896720,1.8260684
0.1878765,0.6218898,2.2414225
0.1951879,0.0470289,0.5314624
0.4762767,0.7323890,3.1497204
0.8469025,0.3763293,2.8227928
0.0006900,0.0696149,0.2102248
0.3340480,0.7001098,2.7684254
0.9906667,0.3553983,3.0475284
0.6106555,0.2692631,2.0291003
0.2219044,0.4235280,1.7143930
0.4616692,0.9626575,3.8113111
0.8701495,0.0303829,1.8314478
0.2397586,0.2854355,1.3358237
0.8810385,0.8869667,4.4229769
0.1842798,0.8201121,2.8288961
0.9593478,0.2724158,2.7359428
0.4011593,0.5256019,2.3791244
0.7523534,0.3649969,2.5996976
0.1045513,0.8803127,2.8500405
0.2658204,0.5752573,2.2574127
0.2853438,0.2271565,1.2521570
0.9076853,0.7096023,3.9441776
0.4457930,0.8623479,3.4786297
0.9060008,0.9013266,4.5159814
0.4337394,0.1888403,1.4339996
0.6020008,0.6875626,3.2666894
0.0381296,0.7218923,2.2419363
0.9533996,0.0915507,2.1814511
0.2069039,0.9833673,3.3639097
0.9029234,0.7597327,4.0850447
0.8103707,0.0850816,1.8759862
0.8471175,0.3729884,2.8132001
0.3152460,0.2377072,1.3436137
0.4393974,0.8097528,3.3080533
0.3348381,0.9999704,3.6695873
0.1589158,0.2551456,1.0832686
0.2591185,0.6690595,2.5254157
0.6345275,0.1884870,1.8345160
0.3242657,0.7327647,2.8468256
0.7744212,0.4094494,2.7771906
0.9905161,0.5676318,3.6839278
0.6831905,0.9907095,4.3385096
0.4191248,0.5388786,2.4548854
0.8232687,0.3287940,2.6329194
0.9232039,0.9212772,4.6102394
0.7229593,0.6520911,3.4021920
0.9849826,0.7838381,4.3214796
0.7102356,0.3903516,2.5915258
0.4548330,0.0830552,1.1588317
0.5532701,0.1681066,1.6108601
0.2233528,0.9166583,3.1966805
0.1233891,0.8039671,2.6586795
0.0545528,0.3580012,1.1831092
0.2408151,0.9939371,3.4634415
0.2419939,0.8982911,3.1788609
0.1658069,0.0422628,0.4584021
0.5166721,0.2313181,1.7272983
0.0253878,0.3785359,1.1863833
0.5324132,0.2695831,1.8735758
0.3936869,0.2094495,1.4157223
0.1058360,0.0834605,0.4620534
0.4316505,0.4405588,2.1849773
0.4338432,0.0433471,0.9977277
0.7270354,0.8305204,3.9456320
0.8997599,0.3237380,2.7707337
0.0143804,0.4003154,1.2297070
0.9977787,0.6151280,3.8409415
0.0595623,0.9375344,2.9317277
0.7509417,0.0656581,1.6988577
0.1297525,0.5388697,1.8761142
0.1503365,0.6874995,2.3631715
0.8754674,0.5703620,3.4620209
0.6465182,0.8105920,3.7248124
0.7437838,0.2858495,2.3451159
0.9152378,0.4528592,3.1890534
0.2840854,0.4274899,1.8506405
0.5609388,0.4767608,2.5521602
0.1093005,0.1108724,0.5512183
0.1239366,0.4742164,1.6705222
0.6584978,0.4515462,2.6716343
0.8672406,0.0390347,1.8515854
0.5513171,0.6528925,3.0613117
0.5306411,0.0888136,1.3277229
0.1019368,0.8170267,2.6549536
0.3554194,0.2671401,1.5122590
0.0995801,0.3004202,1.1004208
0.4208626,0.2773433,1.6737550
0.3624675,0.8379764,3.2388642
0.3362459,0.4087078,1.8986151
0.5912578,0.8846764,3.8365450
0.8787109,0.8272384,4.2391369
0.7990194,0.0912010,1.8716420
0.5218368,0.9063179,3.7626273
0.4928916,0.6438233,2.9172532
0.2747711,0.9722034,3.4661524
0.8647787,0.8699137,4.3392985
0.4702660,0.0688324,1.1470291
0.2762742,0.9969855,3.5435048
0.9357947,0.5742232,3.5942589
0.8513360,0.9911570,4.6761430
0.2504614,0.2818951,1.3466081
0.6815005,0.6878699,3.4266107
0.4092948,0.0803494,1.0596378
0.3961608,0.5252971,2.3682130
0.8700949,0.0175768,1.7929203
0.0596511,0.4093541,1.3473645
0.5622826,0.7358199,3.3320250
0.2684557,0.1417576,0.9621843
0.1709361,0.0780863,0.5761310
0.4633242,0.2648914,1.7213225
0.2160598,0.0025750,0.4398445
0.0793073,0.8158220,2.6060806
0.2529343,0.3394139,1.5241103
0.7685456,0.5648600,3.2316713
0.4215694,0.0114371,0.8774503
0.6519861,0.5336251,2.9048475
0.1891477,0.4835033,1.8288052
0.3496892,0.7913103,3.0733093
0.4745995,0.8235832,3.4199486
0.1521854,0.1031005,0.6136722
0.1637234,0.9186061,3.0832651
0.9219458,0.4739232,3.2656613
0.1804549,0.5913100,2.1348396
0.8647038,0.2242597,2.4021865
0.6101971,0.1427196,1.6485528
0.3435262,0.4100255,1.9171289
0.0577405,0.4980983,1.6097759
0.7195017,0.8186006,3.8948051
0.2158159,0.9917678,3.4069353
0.2104085,0.9448210,3.2552801
0.3803921,0.8467449,3.3010191
0.9208545,0.3688649,2.9483036
0.1940328,0.3454212,1.4243291
0.6743079,0.2767629,2.1789046
0.0097336,0.2935217,0.9000324
0.2127935,0.0776325,0.6584845
0.4463631,0.9933754,3.8728524
0.4118195,0.0458174,0.9610911
0.3406421,0.8873439,3.3433158
0.0315935,0.3332552,1.0629526
0.3366490,0.7294284,2.8615832
0.6738017,0.0569481,1.5184477
0.2879438,0.5737740,2.2972095
0.5389140,0.3784027,2.2130360
0.2485622,0.6349576,2.4019972
0.1691439,0.3210058,1.3013050
0.4022953,0.6692922,2.8124674
0.2176253,0.0610119,0.6182865
0.9038487,0.9333597,4.6077765
0.9331353,0.9311085,4.6595962
0.1336323,0.3503362,1.3182734
0.2577937,0.4898072,1.9850091
0.1105267,0.8430399,2.7501731
0.0921462,0.0187553,0.2405583
0.4440402,0.6857671,2.9453818
0.1900125,0.4844450,1.8333601
0.6169551,0.0828144,1.4823535
0.2571160,0.3168245,1.4647057
0.4335579,0.7465442,3.1067483
0.8048060,0.0985345,1.9052154
0.0013350,0.6535375,1.9632826
0.9685305,0.0980156,2.2311080
0.8116190,0.9479067,4.4669581
0.9602762,0.4381380,3.2349666
0.9361128,0.9068271,4.5927069
0.0100224,0.5510933,1.6733246
0.2538600,0.2973188,1.3996764
0.3126852,0.9215795,3.3901089
0.7485424,0.1411059,1.9204023
0.8252929,0.6581203,3.6249466
0.8338450,0.3202307,2.6283823
0.6118003,0.7050168,3.3386508
0.1322040,0.7086395,2.3903265
0.4963745,0.6365537,2.9024101
0.5966129,0.2857449,2.0504606
0.7564374,0.9539997,4.3748737
0.3565987,0.8615679,3.2979013
0.5366103,0.6916943,3.1483035
0.8638488,0.9346386,4.5316135
0.9281880,0.9893875,4.8245384
0.0151307,0.1308174,0.4227137
0.3910636,0.7622739,3.0689489
0.3912602,0.2595790,1.5612573
0.8667629,0.0969764,2.0244549
0.1035196,0.6633686,2.1971451
0.3544273,0.5924823,2.4863014
0.7796410,0.9636757,4.4503092
0.5625601,0.8831792,3.7746578
0.5415915,0.3357041,2.0902954
0.2297693,0.3988382,1.6560533
0.2734835,0.3045163,1.4605160
0.5704761,0.9487452,3.9871877
0.0342200,0.7631357,2.3578470
0.7965986,0.8762773,4.2220290
0.5039162,0.6835350,3.0584375
0.6870259,0.4823354,2.8210580
0.5266667,0.5465863,2.6930921
0.3272340,0.7391114,2.8718022
0.8151607,0.0435960,1.7611093
0.8132414,0.4903842,3.0976356
0.1537048,0.8649420,2.9022355
0.9487401,0.5411471,3.5209215
0.9010224,0.8844628,4.4554332
0.4029520,0.9880656,3.7701009
0.8041727,0.1528742,2.0669679
0.7096639,0.6454425,3.3556553
0.1109123,0.6143645,2.0649180
0.3474183,0.8829695,3.3437451
0.4098260,0.2532757,1.5794791
0.0607360,0.0692490,0.3292188
0.5250122,0.5582691,2.7248316
0.3324127,0.0432585,0.7946008
0.9558703,0.4558621,3.2793268
0.1914299,0.3230355,1.3519661
0.9495005,0.6038995,3.7106995
0.3589513,0.8613870,3.3020635
0.7086714,0.6467133,3.3574827
0.1433324,0.4849955,1.7416514
0.8309315,0.7333616,3.8619478
0.2741624,0.8167407,2.9985470
0.8066257,0.0651119,1.8085872
0.7373012,0.7920946,3.8508864
0.5337870,0.6224437,2.9349050
0.6348263,0.1859105,1.8273841
0.8618263,0.0366427,1.8335809
0.3718739,0.3712714,1.8575620
0.7760589,0.5507111,3.2042510
0.9656338,0.9597863,4.8106266
0.5967125,0.8571515,3.7648795
0.7961829,0.5126337,3.1302668
0.1539370,0.2675308,1.1104662
0.9368090,0.3131647,2.8131122
0.4241745,0.1272308,1.2300414
0.3426781,0.3154145,1.6315995
0.8705630,0.9681900,4.6456961
0.1672402,0.1650805,0.8297217
0.2848839,0.2487696,1.3160765
0.3377067,0.4396880,1.9944774
0.8050270,0.1127728,1.9483725
0.9801088,0.3514932,3.0146973
0.0181029,0.4242435,1.3089365
0.2184336,0.0958226,0.7243350
0.2159648,0.2865293,1.2915173
0.9258054,0.6269975,3.7326032
0.2190875,0.1394613,0.8565588
0.9967714,0.3097788,2.9228792
0.8462207,0.3458207,2.7299035
0.4259596,0.7353452,3.0579548
0.9064518,0.4484515,3.1582582
0.9714589,0.0178643,1.9965109
0.5654696,0.7453110,3.3668724
0.9186611,0.1732108,2.3569546
0.3195505,0.9840625,3.5912886
0.5335037,0.2342654,1.7698036
0.8698238,0.1154192,2.0859050
0.3365708,0.5540832,2.3353913
0.6639191,0.1908253,1.9003140
0.3184604,0.5396729,2.2559395
0.2454253,0.8194950,2.9493356
0.2364233,0.9026073,3.1806685
0.0064415,0.5789353,1.7496888
0.6179533,0.4563973,2.6050984
0.5394782,0.3026550,1.9869214
0.0329659,0.1048095,0.3803604
0.4511397,0.4595147,2.2808236
0.4649818,0.9672573,3.8317356
0.2723715,0.4080491,1.7688902
0.4560909,0.8005917,3.3139568
0.2603733,0.2066587,1.1407228
0.1714124,0.6701341,2.3532272
0.5905981,0.7226968,3.3492866
0.2062244,0.1409797,0.8353879
0.1365444,0.7652109,2.5687214
0.7512648,0.4790448,2.9396639
0.5704220,0.9433218,3.9708095
0.6884617,0.0360897,1.4851926
0.7750905,0.0098425,1.5797083
0.7033939,0.8255153,3.8833338
0.9897029,0.2978312,2.8728995
0.7567878,0.5423674,3.1406778
0.1790227,0.6310230,2.2511143
0.4649605,0.5889505,2.6967725
0.3094215,0.4908109,2.0912758
0.3056546,0.3375520,1.6239653
0.9619364,0.9809191,4.8666301
0.1405561,0.8963009,2.9700149
0.9044144,0.4005489,3.0104754
0.8752083,0.7482599,3.9951964
0.0642365,0.8228871,2.5971345
0.9159700,0.8601529,4.4123988
0.8918016,0.4628193,3.1720610
0.6887443,0.3297535,2.3667490
0.4042663,0.6792402,2.8462532
0.0982256,0.7972908,2.5883236
0.3092497,0.5060740,2.1367213
0.0599020,0.4882856,1.5846610
0.1073459,0.3316845,1.2097454
0.2229410,0.0070210,0.4669449
0.7153332,0.2178949,2.0843512
0.5237638,0.8155442,3.4941602
0.5739825,0.6603902,3.1291356
0.7706765,0.0617058,1.7264702
0.4192709,0.2912218,1.7122071
0.2399102,0.1274402,0.8621410
0.3485439,0.0936523,0.9780445
0.2531304,0.2602987,1.2871568
0.9961661,0.9722794,4.9091703
0.2001532,0.8022404,2.8070277
0.0226374,0.4736193,1.4661325
0.2727239,0.5740802,2.2676882
0.7038700,0.0401687,1.5282460
0.3903957,0.8513711,3.3349047
0.8280701,0.9852489,4.6118869
0.5355725,0.9501452,3.9215807
0.3520973,0.6375377,2.6168076
0.5095041,0.2168246,1.6694821
,, 
